{
  "accuracy": 0.7124463519313304,
  "f1": 0.7112068965517241,
  "confusion_matrix": [
    [
      167,
      66
    ],
    [
      68,
      165
    ]
  ]
}